{"id":786410689,"items":[{"id":276998608,"status":2,"title":"Blog Template","order":1,"templateKey":"blog","pageLinks":["#"]},{"id":58164024,"status":2,"title":"Post Template","order":2,"templateKey":"post","pageLinks":[]},{"id":745727306,"status":2,"title":"Page 1","order":3,"templateKey":null,"pageLinks":[]},{"id":150439109,"status":2,"title":"Page 2","order":4,"templateKey":null,"pageLinks":[]},{"id":90558766,"status":2,"title":"Page 3","order":5,"templateKey":null,"pageLinks":[]}],"metaTags":null,"order":"65536","headHtml":null,"customCss":null,"headerHtml":"<section class=\"u-clearfix u-header u-block-eb1d-1\" custom-posts-hash=\"[]\" data-style=\"header-imglogo-menu\" data-post-id=\"post0\" data-section-properties=\"{&quot;grid-spacing&quot;:&quot;0&quot;,&quot;align&quot;:&quot;left&quot;,&quot;stretch&quot;:true}\" id=\"sec-aff7\" data-source=\"\" data-id=\"eb1d\">\n  <div class=\"u-clearfix u-sheet u-block-eb1d-2\">\n    \n    \n  </div>\n  <style data-mode=\"XL\" data-visited=\"true\">@media (min-width: 1200px){ .u-block-eb1d-1 {background-image: none}\n.u-block-eb1d-2 {min-height: 32px} }</style>\n  <style data-mode=\"LG\" data-visited=\"true\">@media (max-width: 1199px) and (min-width: 992px){ .u-block-eb1d-1 {background-image: none}\n.u-block-eb1d-2 {min-height: 72px} }</style>\n  <style data-mode=\"MD\" data-visited=\"true\">@media (max-width: 991px) and (min-width: 768px){ .u-block-eb1d-1 {background-image: none}\n.u-block-eb1d-2 {min-height: 72px} }</style>\n  <style data-mode=\"SM\" data-visited=\"true\">@media (max-width: 767px) and (min-width: 576px){ .u-block-eb1d-1 {background-image: none}\n.u-block-eb1d-2 {min-height: 32px} }</style>\n  <style data-mode=\"XS\" data-visited=\"true\">@media (max-width: 575px){ .u-block-eb1d-1 {background-image: none}\n.u-block-eb1d-2 {min-height: 72px} }</style>\n</section>","footerHtml":"<section class=\"u-clearfix u-footer u-grey-80 u-block-6ef8-1\" custom-posts-hash=\"T\" data-style=\"footer-text\" data-post-id=\"post8\" data-section-properties=\"{&quot;grid-spacing&quot;:&quot;30&quot;,&quot;spacingAdditional&quot;:&quot;none&quot;,&quot;align&quot;:&quot;center&quot;,&quot;stretch&quot;:true}\" id=\"sec-a787\" data-source=\"\" data-id=\"6ef8\">\n  <div class=\"u-clearfix u-sheet u-block-6ef8-2\">\n    \n  <div class=\"u-container-style u-group u-white u-block-6ef8-3\"><div class=\"u-container-layout u-block-6ef8-4\"></div></div></div>\n  <style data-mode=\"XL\" data-visited=\"true\">@media (min-width: 1200px){ .u-block-6ef8-2 {min-height: 63px}\n.u-block-6ef8-3 {margin-top: 24.1584px; margin-left: 135px; width: 270px; min-height: 11px; position: relative}\n.u-block-6ef8-4 {padding-left: 20px; padding-right: 20px} }</style>\n  <style data-mode=\"LG\" data-visited=\"true\">@media (max-width: 1199px) and (min-width: 992px){ .u-block-6ef8-2 {min-height: 113px}\n.u-block-6ef8-3 {margin-top: 24.1584px; margin-left: 111.3158px; width: 222.6316px; min-height: 11px; position: relative}\n.u-block-6ef8-4 {padding-left: 16.4913px; padding-right: 16.4913px} }</style>\n  <style data-mode=\"MD\" data-visited=\"true\">@media (max-width: 991px) and (min-width: 768px){ .u-block-6ef8-2 {min-height: 133px}\n.u-block-6ef8-3 {margin-top: 24.1584px; margin-left: 85.2632px; width: 170.5264px; min-height: 11px; position: relative}\n.u-block-6ef8-4 {padding-left: 12.6316px; padding-right: 12.6316px} }</style>\n  <style data-mode=\"SM\" data-visited=\"true\">@media (max-width: 767px) and (min-width: 576px){ .u-block-6ef8-2 {min-height: 59.5157px}\n.u-block-6ef8-3 {margin-top: 24.1584px; margin-left: 135px; width: 270px; min-height: 11px; position: relative}\n.u-block-6ef8-4 {padding-left: 20px; padding-right: 20px} }</style>\n  <style data-mode=\"XS\" data-visited=\"true\">@media (max-width: 575px){ .u-block-6ef8-2 {min-height: 133px}\n.u-block-6ef8-3 {margin-top: 24.1584px; margin-left: 40.2632px; width: 134.2106px; min-height: 11px; position: relative}\n.u-block-6ef8-4 {padding-left: 5.965px; padding-right: 5.965px} }</style>\n</section>","hideBacklink":null,"homePageId":null,"dateUpdated":1561452616431,"settings":"{\"colorScheme\":{\"bodyColors\":[\"#111111\",\"#ffffff\"],\"bgColor\":\"#ffffff\",\"colors\":[\"#73a3de\",\"#4c637f\",\"#8bc9ba\",\"#92e4fd\",\"#b8c1cc\"],\"customColors\":[\"#464646\",\"#e1f800\",\"#04e6fa\"],\"shadingContrast\":\"body-alt-color\",\"whiteContrast\":\"body-color\",\"bgContrast\":\"body-color\",\"name\":\"u10\"},\"fontScheme\":{\"name\":\"Roboto-OpenSans\",\"default\":true,\"isDefault\":true,\"fonts\":{\"heading\":\"Roboto, sans-serif\",\"text\":\"Open Sans, sans-serif\",\"accent\":\"Arial, sans-serif\",\"headingTitle\":\"Roboto\",\"textTitle\":\"Open Sans\"}},\"typography\":{\"name\":\"Normal\",\"isDefault\":true,\"title\":{\"font-weight\":\"400\",\"font-size\":4.5,\"line-height\":\"1_1\",\"margin-top\":20,\"margin-bottom\":20},\"subtitle\":{\"font-weight\":\"400\",\"font-size\":2.25,\"line-height\":\"1_1\",\"margin-top\":20,\"margin-bottom\":20},\"h1\":{\"font-weight\":\"400\",\"font-size\":3,\"line-height\":\"1_1\",\"margin-top\":20,\"margin-bottom\":20},\"h2\":{\"font-weight\":\"400\",\"font-size\":2.25,\"line-height\":\"1_1\",\"margin-top\":20,\"margin-bottom\":20},\"h3\":{\"font-weight\":\"400\",\"font-size\":1.875,\"line-height\":\"1_2\",\"margin-top\":20,\"margin-bottom\":20},\"h4\":{\"font-weight\":\"400\",\"font-size\":1.5,\"line-height\":\"1_2\",\"margin-top\":20,\"margin-bottom\":20},\"h5\":{\"font-weight\":\"400\",\"font-size\":1.25,\"line-height\":\"1_2\",\"margin-top\":20,\"margin-bottom\":20},\"h6\":{\"font-weight\":\"400\",\"font-size\":1.125,\"line-height\":\"1_2\",\"margin-top\":20,\"margin-bottom\":20},\"largeText\":{\"font-size\":1.25,\"margin-top\":20,\"margin-bottom\":20},\"smallText\":{\"font-size\":0.875,\"margin-top\":20,\"margin-bottom\":20},\"text\":{\"margin-top\":20,\"margin-bottom\":20},\"link\":{\"text-color\":\"palette-1-base\",\"margin-top\":20,\"margin-bottom\":20},\"button\":{\"color\":\"palette-1-base\",\"margin-top\":20,\"margin-bottom\":20},\"blockquote\":{\"font-style\":\"italic\",\"indent\":20,\"border\":4,\"border-color\":\"palette-1-base\",\"margin-top\":20,\"margin-bottom\":20},\"metadata\":{\"margin-top\":20,\"margin-bottom\":20},\"list\":{\"margin-top\":20,\"margin-bottom\":20},\"orderedlist\":{\"margin-top\":20,\"margin-bottom\":20},\"postContent\":{\"margin-top\":20,\"margin-bottom\":20},\"theme\":{\"gradient\":\"\",\"image\":\"\"},\"htmlBaseSize\":16},\"id\":786410689,\"title\":\"regal\",\"siteStyleCss\":\"\",\"publishNicePageCss\":\"\"}","title":"regal","siteStyleCss":"<style id=\"color-scheme\" color-scheme=\"u10\" color-style=\"monochrome-3\">.u-body {\n--custom-color-1: #464646;\n--custom-color-1-r: 70;\n--custom-color-1-g: 70;\n--custom-color-1-b: 70;\n--custom-color-1-contrast: white;\n--custom-color-1-darker: #3f3f3f;\n--custom-color-1-contrast-darker: white;\n--custom-color-1-text-color: var(--body-alt-color);\n--custom-color-2: #e1f800;\n--custom-color-2-r: 225;\n--custom-color-2-g: 248;\n--custom-color-2-b: 0;\n--custom-color-2-contrast: black;\n--custom-color-2-darker: #cbdf00;\n--custom-color-2-contrast-darker: black;\n--custom-color-2-text-color: var(--body-color);\n--custom-color-3: #04e6fa;\n--custom-color-3-r: 4;\n--custom-color-3-g: 230;\n--custom-color-3-b: 250;\n--custom-color-3-contrast: black;\n--custom-color-3-darker: #04cfe1;\n--custom-color-3-contrast-darker: black;\n--custom-color-3-text-color: var(--body-color);\n--body-color: #111111;\n--body-color-r: 17;\n--body-color-g: 17;\n--body-color-b: 17;\n--body-color-contrast: white;\n--body-color-darker: #0f0f0f;\n--body-color-contrast-darker: white;\n--body-color-text-color: var(--body-alt-color);\n--body-alt-color: #ffffff;\n--body-alt-color-r: 255;\n--body-alt-color-g: 255;\n--body-alt-color-b: 255;\n--body-alt-color-contrast: black;\n--body-alt-color-darker: #e6e6e6;\n--body-alt-color-contrast-darker: black;\n--body-alt-color-text-color: var(--body-color);\n--bg-color: #ffffff;\n--bg-color-r: 255;\n--bg-color-g: 255;\n--bg-color-b: 255;\n--bg-color-contrast: black;\n--bg-color-darker: #e6e6e6;\n--bg-color-contrast-darker: black;\n--bg-color-text-color: var(--body-color);\n--palette-1-base: #73a3de;\n--palette-1-base-r: 115;\n--palette-1-base-g: 163;\n--palette-1-base-b: 222;\n--palette-1-base-contrast: white;\n--palette-1-base-darker: #5891d8;\n--palette-1-base-contrast-darker: white;\n--palette-1-base-text-color: var(--body-alt-color);\n--palette-1-dark-3: #292d33;\n--palette-1-dark-3-r: 41;\n--palette-1-dark-3-g: 45;\n--palette-1-dark-3-b: 51;\n--palette-1-dark-3-contrast: white;\n--palette-1-dark-3-darker: #25292e;\n--palette-1-dark-3-contrast-darker: white;\n--palette-1-dark-3-text-color: var(--body-alt-color);\n--palette-1-dark-2: #4c5a6c;\n--palette-1-dark-2-r: 76;\n--palette-1-dark-2-g: 90;\n--palette-1-dark-2-b: 108;\n--palette-1-dark-2-contrast: white;\n--palette-1-dark-2-darker: #445161;\n--palette-1-dark-2-contrast-darker: white;\n--palette-1-dark-2-text-color: var(--body-alt-color);\n--palette-1-dark-1: #6582a5;\n--palette-1-dark-1-r: 101;\n--palette-1-dark-1-g: 130;\n--palette-1-dark-1-b: 165;\n--palette-1-dark-1-contrast: white;\n--palette-1-dark-1-darker: #587597;\n--palette-1-dark-1-contrast-darker: white;\n--palette-1-dark-1-text-color: var(--body-alt-color);\n--palette-1: #73a3de;\n--palette-1-r: 115;\n--palette-1-g: 163;\n--palette-1-b: 222;\n--palette-1-contrast: white;\n--palette-1-darker: #5891d8;\n--palette-1-contrast-darker: white;\n--palette-1-text-color: var(--body-alt-color);\n--palette-1-light-1: #9abde8;\n--palette-1-light-1-r: 154;\n--palette-1-light-1-g: 189;\n--palette-1-light-1-b: 232;\n--palette-1-light-1-contrast: white;\n--palette-1-light-1-darker: #7ba8e1;\n--palette-1-light-1-contrast-darker: white;\n--palette-1-light-1-text-color: var(--body-alt-color);\n--palette-1-light-2: #c3d8f2;\n--palette-1-light-2-r: 195;\n--palette-1-light-2-g: 216;\n--palette-1-light-2-b: 242;\n--palette-1-light-2-contrast: black;\n--palette-1-light-2-darker: #9fc1ea;\n--palette-1-light-2-contrast-darker: black;\n--palette-1-light-2-text-color: var(--body-color);\n--palette-1-light-3: #f0f5fc;\n--palette-1-light-3-r: 240;\n--palette-1-light-3-g: 245;\n--palette-1-light-3-b: 252;\n--palette-1-light-3-contrast: black;\n--palette-1-light-3-darker: #c7daf4;\n--palette-1-light-3-contrast-darker: black;\n--palette-1-light-3-text-color: var(--body-color);\n--palette-2-base: #4c637f;\n--palette-2-base-r: 76;\n--palette-2-base-g: 99;\n--palette-2-base-b: 127;\n--palette-2-base-contrast: white;\n--palette-2-base-darker: #445972;\n--palette-2-base-contrast-darker: white;\n--palette-2-base-text-color: var(--body-alt-color);\n--palette-2-dark-3: #292d33;\n--palette-2-dark-3-r: 41;\n--palette-2-dark-3-g: 45;\n--palette-2-dark-3-b: 51;\n--palette-2-dark-3-contrast: white;\n--palette-2-dark-3-darker: #25292e;\n--palette-2-dark-3-contrast-darker: white;\n--palette-2-dark-3-text-color: var(--body-alt-color);\n--palette-2-dark-2: #3e4a59;\n--palette-2-dark-2-r: 62;\n--palette-2-dark-2-g: 74;\n--palette-2-dark-2-b: 89;\n--palette-2-dark-2-contrast: white;\n--palette-2-dark-2-darker: #384350;\n--palette-2-dark-2-contrast-darker: white;\n--palette-2-dark-2-text-color: var(--body-alt-color);\n--palette-2-dark-1: #4c637f;\n--palette-2-dark-1-r: 76;\n--palette-2-dark-1-g: 99;\n--palette-2-dark-1-b: 127;\n--palette-2-dark-1-contrast: white;\n--palette-2-dark-1-darker: #445972;\n--palette-2-dark-1-contrast-darker: white;\n--palette-2-dark-1-text-color: var(--body-alt-color);\n--palette-2: #85a0c1;\n--palette-2-r: 133;\n--palette-2-g: 160;\n--palette-2-b: 193;\n--palette-2-contrast: white;\n--palette-2-darker: #6f8fb6;\n--palette-2-contrast-darker: white;\n--palette-2-text-color: var(--body-alt-color);\n--palette-2-light-1: #a6bbd4;\n--palette-2-light-1-r: 166;\n--palette-2-light-1-g: 187;\n--palette-2-light-1-b: 212;\n--palette-2-light-1-contrast: white;\n--palette-2-light-1-darker: #8da8c8;\n--palette-2-light-1-contrast-darker: white;\n--palette-2-light-1-text-color: var(--body-alt-color);\n--palette-2-light-2: #cad7e6;\n--palette-2-light-2-r: 202;\n--palette-2-light-2-g: 215;\n--palette-2-light-2-b: 230;\n--palette-2-light-2-contrast: black;\n--palette-2-light-2-darker: #adc1d8;\n--palette-2-light-2-contrast-darker: black;\n--palette-2-light-2-text-color: var(--body-color);\n--palette-2-light-3: #f1f5f9;\n--palette-2-light-3-r: 241;\n--palette-2-light-3-g: 245;\n--palette-2-light-3-b: 249;\n--palette-2-light-3-contrast: black;\n--palette-2-light-3-darker: #cfddea;\n--palette-2-light-3-contrast-darker: black;\n--palette-2-light-3-text-color: var(--body-color);\n--palette-3-base: #8bc9ba;\n--palette-3-base-r: 139;\n--palette-3-base-g: 201;\n--palette-3-base-b: 186;\n--palette-3-base-contrast: black;\n--palette-3-base-darker: #74beac;\n--palette-3-base-contrast-darker: white;\n--palette-3-base-text-color: var(--body-color);\n--palette-3-dark-3: #293331;\n--palette-3-dark-3-r: 41;\n--palette-3-dark-3-g: 51;\n--palette-3-dark-3-b: 49;\n--palette-3-dark-3-contrast: white;\n--palette-3-dark-3-darker: #252e2c;\n--palette-3-dark-3-contrast-darker: white;\n--palette-3-dark-3-text-color: var(--body-alt-color);\n--palette-3-dark-2: #4d655f;\n--palette-3-dark-2-r: 77;\n--palette-3-dark-2-g: 101;\n--palette-3-dark-2-b: 95;\n--palette-3-dark-2-contrast: white;\n--palette-3-dark-2-darker: #455b56;\n--palette-3-dark-2-contrast-darker: white;\n--palette-3-dark-2-text-color: var(--body-alt-color);\n--palette-3-dark-1: #6e978d;\n--palette-3-dark-1-r: 110;\n--palette-3-dark-1-g: 151;\n--palette-3-dark-1-b: 141;\n--palette-3-dark-1-contrast: white;\n--palette-3-dark-1-darker: #62897f;\n--palette-3-dark-1-contrast-darker: white;\n--palette-3-dark-1-text-color: var(--body-alt-color);\n--palette-3: #8bc9ba;\n--palette-3-r: 139;\n--palette-3-g: 201;\n--palette-3-b: 186;\n--palette-3-contrast: black;\n--palette-3-darker: #74beac;\n--palette-3-contrast-darker: white;\n--palette-3-text-color: var(--body-color);\n--palette-3-light-1: #aad9ce;\n--palette-3-light-1-r: 170;\n--palette-3-light-1-g: 217;\n--palette-3-light-1-b: 206;\n--palette-3-light-1-contrast: black;\n--palette-3-light-1-darker: #8fcdbf;\n--palette-3-light-1-contrast-darker: black;\n--palette-3-light-1-text-color: var(--body-color);\n--palette-3-light-2: #cde9e2;\n--palette-3-light-2-r: 205;\n--palette-3-light-2-g: 233;\n--palette-3-light-2-b: 226;\n--palette-3-light-2-contrast: black;\n--palette-3-light-2-darker: #afdcd0;\n--palette-3-light-2-contrast-darker: black;\n--palette-3-light-2-text-color: var(--body-color);\n--palette-3-light-3: #f2faf8;\n--palette-3-light-3-r: 242;\n--palette-3-light-3-g: 250;\n--palette-3-light-3-b: 248;\n--palette-3-light-3-contrast: black;\n--palette-3-light-3-darker: #ceece5;\n--palette-3-light-3-contrast-darker: black;\n--palette-3-light-3-text-color: var(--body-color);\n--palette-4-base: #92e4fd;\n--palette-4-base-r: 146;\n--palette-4-base-g: 228;\n--palette-4-base-b: 253;\n--palette-4-base-contrast: black;\n--palette-4-base-darker: #6bdafc;\n--palette-4-base-contrast-darker: black;\n--palette-4-base-text-color: var(--body-color);\n--palette-4-dark-3: #293133;\n--palette-4-dark-3-r: 41;\n--palette-4-dark-3-g: 49;\n--palette-4-dark-3-b: 51;\n--palette-4-dark-3-contrast: white;\n--palette-4-dark-3-darker: #252c2e;\n--palette-4-dark-3-contrast-darker: white;\n--palette-4-dark-3-text-color: var(--body-alt-color);\n--palette-4-dark-2: #496168;\n--palette-4-dark-2-r: 73;\n--palette-4-dark-2-g: 97;\n--palette-4-dark-2-b: 104;\n--palette-4-dark-2-contrast: white;\n--palette-4-dark-2-darker: #42575e;\n--palette-4-dark-2-contrast-darker: white;\n--palette-4-dark-2-text-color: var(--body-alt-color);\n--palette-4-dark-1: #5f8e9c;\n--palette-4-dark-1-r: 95;\n--palette-4-dark-1-g: 142;\n--palette-4-dark-1-b: 156;\n--palette-4-dark-1-contrast: white;\n--palette-4-dark-1-darker: #56808c;\n--palette-4-dark-1-contrast-darker: white;\n--palette-4-dark-1-text-color: var(--body-alt-color);\n--palette-4: #6cb9d1;\n--palette-4-r: 108;\n--palette-4-g: 185;\n--palette-4-b: 209;\n--palette-4-contrast: white;\n--palette-4-darker: #54aec9;\n--palette-4-contrast-darker: white;\n--palette-4-text-color: var(--body-alt-color);\n--palette-4-light-1: #92e4fd;\n--palette-4-light-1-r: 146;\n--palette-4-light-1-g: 228;\n--palette-4-light-1-b: 253;\n--palette-4-light-1-contrast: black;\n--palette-4-light-1-darker: #6bdafc;\n--palette-4-light-1-contrast-darker: black;\n--palette-4-light-1-text-color: var(--body-color);\n--palette-4-light-2: #c3f0fe;\n--palette-4-light-2-r: 195;\n--palette-4-light-2-g: 240;\n--palette-4-light-2-b: 254;\n--palette-4-light-2-contrast: black;\n--palette-4-light-2-darker: #97e5fd;\n--palette-4-light-2-contrast-darker: black;\n--palette-4-light-2-text-color: var(--body-color);\n--palette-4-light-3: #f4fcff;\n--palette-4-light-3-r: 244;\n--palette-4-light-3-g: 252;\n--palette-4-light-3-b: 255;\n--palette-4-light-3-contrast: black;\n--palette-4-light-3-darker: #c2eeff;\n--palette-4-light-3-contrast-darker: black;\n--palette-4-light-3-text-color: var(--body-color);\n--palette-5-base: #b8c1cc;\n--palette-5-base-r: 184;\n--palette-5-base-g: 193;\n--palette-5-base-b: 204;\n--palette-5-base-contrast: black;\n--palette-5-base-darker: #a1adbc;\n--palette-5-base-contrast-darker: white;\n--palette-5-base-text-color: var(--body-color);\n--palette-5-dark-3: #292d33;\n--palette-5-dark-3-r: 41;\n--palette-5-dark-3-g: 45;\n--palette-5-dark-3-b: 51;\n--palette-5-dark-3-contrast: white;\n--palette-5-dark-3-darker: #25292e;\n--palette-5-dark-3-contrast-darker: white;\n--palette-5-dark-3-text-color: var(--body-alt-color);\n--palette-5-dark-2: #555d66;\n--palette-5-dark-2-r: 85;\n--palette-5-dark-2-g: 93;\n--palette-5-dark-2-b: 102;\n--palette-5-dark-2-contrast: white;\n--palette-5-dark-2-darker: #4d545c;\n--palette-5-dark-2-contrast-darker: white;\n--palette-5-dark-2-text-color: var(--body-alt-color);\n--palette-5-dark-1: #858e99;\n--palette-5-dark-1-r: 133;\n--palette-5-dark-1-g: 142;\n--palette-5-dark-1-b: 153;\n--palette-5-dark-1-contrast: white;\n--palette-5-dark-1-darker: #75808c;\n--palette-5-dark-1-contrast-darker: white;\n--palette-5-dark-1-text-color: var(--body-alt-color);\n--palette-5: #b8c1cc;\n--palette-5-r: 184;\n--palette-5-g: 193;\n--palette-5-b: 204;\n--palette-5-contrast: black;\n--palette-5-darker: #a1adbc;\n--palette-5-contrast-darker: white;\n--palette-5-text-color: var(--body-color);\n--palette-5-light-1: #ccd3db;\n--palette-5-light-1-r: 204;\n--palette-5-light-1-g: 211;\n--palette-5-light-1-b: 219;\n--palette-5-light-1-contrast: black;\n--palette-5-light-1-darker: #b3bec9;\n--palette-5-light-1-contrast-darker: black;\n--palette-5-light-1-text-color: var(--body-color);\n--palette-5-light-2: #e0e5eb;\n--palette-5-light-2-r: 224;\n--palette-5-light-2-g: 229;\n--palette-5-light-2-b: 235;\n--palette-5-light-2-contrast: black;\n--palette-5-light-2-darker: #c4ced9;\n--palette-5-light-2-contrast-darker: black;\n--palette-5-light-2-text-color: var(--body-color);\n--palette-5-light-3: #f5f7fa;\n--palette-5-light-3-r: 245;\n--palette-5-light-3-g: 247;\n--palette-5-light-3-b: 250;\n--palette-5-light-3-contrast: black;\n--palette-5-light-3-darker: #d4dde9;\n--palette-5-light-3-contrast-darker: black;\n--palette-5-light-3-text-color: var(--body-color);\n--grey-40: #999999;\n--grey-40-r: 153;\n--grey-40-g: 153;\n--grey-40-b: 153;\n--grey-40-contrast: white;\n--grey-40-darker: #8a8a8a;\n--grey-40-contrast-darker: white;\n--grey-40-text-color: var(--body-alt-color);\n--grey-30: #b3b3b3;\n--grey-30-r: 179;\n--grey-30-g: 179;\n--grey-30-b: 179;\n--grey-30-contrast: white;\n--grey-30-darker: #a1a1a1;\n--grey-30-contrast-darker: white;\n--grey-30-text-color: var(--body-alt-color);\n--grey-25: #c0c0c0;\n--grey-25-r: 192;\n--grey-25-g: 192;\n--grey-25-b: 192;\n--grey-25-contrast: black;\n--grey-25-darker: #adadad;\n--grey-25-contrast-darker: white;\n--grey-25-text-color: var(--body-color);\n--white: #ffffff;\n--white-r: 255;\n--white-g: 255;\n--white-b: 255;\n--white-contrast: black;\n--white-darker: #e6e6e6;\n--white-contrast-darker: black;\n--white-text-color: var(--body-color);\n--grey-15: #d9d9d9;\n--grey-15-r: 217;\n--grey-15-g: 217;\n--grey-15-b: 217;\n--grey-15-contrast: black;\n--grey-15-darker: #c3c3c3;\n--grey-15-contrast-darker: black;\n--grey-15-text-color: var(--body-color);\n--grey-10: #e5e5e5;\n--grey-10-r: 229;\n--grey-10-g: 229;\n--grey-10-b: 229;\n--grey-10-contrast: black;\n--grey-10-darker: #cecece;\n--grey-10-contrast-darker: black;\n--grey-10-text-color: var(--body-color);\n--grey-5: #f2f2f2;\n--grey-5-r: 242;\n--grey-5-g: 242;\n--grey-5-b: 242;\n--grey-5-contrast: black;\n--grey-5-darker: #dadada;\n--grey-5-contrast-darker: black;\n--grey-5-text-color: var(--body-color);\n--grey-90: #1a1a1a;\n--grey-90-r: 26;\n--grey-90-g: 26;\n--grey-90-b: 26;\n--grey-90-contrast: white;\n--grey-90-darker: #171717;\n--grey-90-contrast-darker: white;\n--grey-90-text-color: var(--body-alt-color);\n--grey-80: #333333;\n--grey-80-r: 51;\n--grey-80-g: 51;\n--grey-80-b: 51;\n--grey-80-contrast: white;\n--grey-80-darker: #2e2e2e;\n--grey-80-contrast-darker: white;\n--grey-80-text-color: var(--body-alt-color);\n--grey-75: #404040;\n--grey-75-r: 64;\n--grey-75-g: 64;\n--grey-75-b: 64;\n--grey-75-contrast: white;\n--grey-75-darker: #3a3a3a;\n--grey-75-contrast-darker: white;\n--grey-75-text-color: var(--body-alt-color);\n--black: #000000;\n--black-r: 0;\n--black-g: 0;\n--black-b: 0;\n--black-contrast: white;\n--black-darker: #000000;\n--black-contrast-darker: white;\n--black-text-color: var(--body-alt-color);\n--grey-70: #4d4d4d;\n--grey-70-r: 77;\n--grey-70-g: 77;\n--grey-70-b: 77;\n--grey-70-contrast: white;\n--grey-70-darker: #454545;\n--grey-70-contrast-darker: white;\n--grey-70-text-color: var(--body-alt-color);\n--grey-60: #666666;\n--grey-60-r: 102;\n--grey-60-g: 102;\n--grey-60-b: 102;\n--grey-60-contrast: white;\n--grey-60-darker: #5c5c5c;\n--grey-60-contrast-darker: white;\n--grey-60-text-color: var(--body-alt-color);\n--grey-50: #808080;\n--grey-50-r: 128;\n--grey-50-g: 128;\n--grey-50-b: 128;\n--grey-50-contrast: white;\n--grey-50-darker: #737373;\n--grey-50-contrast-darker: white;\n--grey-50-text-color: var(--body-alt-color);\n--grey-dark-3: #212121;\n--grey-dark-3-r: 33;\n--grey-dark-3-g: 33;\n--grey-dark-3-b: 33;\n--grey-dark-3-contrast: white;\n--grey-dark-3-darker: #1e1e1e;\n--grey-dark-3-contrast-darker: white;\n--grey-dark-3-text-color: var(--body-alt-color);\n--grey-dark-2: #333333;\n--grey-dark-2-r: 51;\n--grey-dark-2-g: 51;\n--grey-dark-2-b: 51;\n--grey-dark-2-contrast: white;\n--grey-dark-2-darker: #2e2e2e;\n--grey-dark-2-contrast-darker: white;\n--grey-dark-2-text-color: var(--body-alt-color);\n--grey-dark-1: #454545;\n--grey-dark-1-r: 69;\n--grey-dark-1-g: 69;\n--grey-dark-1-b: 69;\n--grey-dark-1-contrast: white;\n--grey-dark-1-darker: #3e3e3e;\n--grey-dark-1-contrast-darker: white;\n--grey-dark-1-text-color: var(--body-alt-color);\n--grey: #b3b3b3;\n--grey-r: 179;\n--grey-g: 179;\n--grey-b: 179;\n--grey-contrast: white;\n--grey-darker: #a1a1a1;\n--grey-contrast-darker: white;\n--grey-text-color: var(--body-alt-color);\n--grey-light-1: #d9d9d9;\n--grey-light-1-r: 217;\n--grey-light-1-g: 217;\n--grey-light-1-b: 217;\n--grey-light-1-contrast: black;\n--grey-light-1-darker: #c3c3c3;\n--grey-light-1-contrast-darker: black;\n--grey-light-1-text-color: var(--body-color);\n--grey-light-2: #eeeeee;\n--grey-light-2-r: 238;\n--grey-light-2-g: 238;\n--grey-light-2-b: 238;\n--grey-light-2-contrast: black;\n--grey-light-2-darker: #d6d6d6;\n--grey-light-2-contrast-darker: black;\n--grey-light-2-text-color: var(--body-color);\n--grey-light-3: #f6f6f6;\n--grey-light-3-r: 246;\n--grey-light-3-g: 246;\n--grey-light-3-b: 246;\n--grey-light-3-contrast: black;\n--grey-light-3-darker: #dddddd;\n--grey-light-3-contrast-darker: black;\n--grey-light-3-text-color: var(--body-color);\n--color-1-base: #8bc9ba;\n--color-1-base-r: 139;\n--color-1-base-g: 201;\n--color-1-base-b: 186;\n--color-1-base-contrast: black;\n--color-1-base-darker: #74beac;\n--color-1-base-contrast-darker: white;\n--color-1-base-text-color: var(--body-color);\n--color-1-dark-3: #293331;\n--color-1-dark-3-r: 41;\n--color-1-dark-3-g: 51;\n--color-1-dark-3-b: 49;\n--color-1-dark-3-contrast: white;\n--color-1-dark-3-darker: #252e2c;\n--color-1-dark-3-contrast-darker: white;\n--color-1-dark-3-text-color: var(--body-alt-color);\n--color-1-dark-2: #4d655f;\n--color-1-dark-2-r: 77;\n--color-1-dark-2-g: 101;\n--color-1-dark-2-b: 95;\n--color-1-dark-2-contrast: white;\n--color-1-dark-2-darker: #455b56;\n--color-1-dark-2-contrast-darker: white;\n--color-1-dark-2-text-color: var(--body-alt-color);\n--color-1-dark-1: #6e978d;\n--color-1-dark-1-r: 110;\n--color-1-dark-1-g: 151;\n--color-1-dark-1-b: 141;\n--color-1-dark-1-contrast: white;\n--color-1-dark-1-darker: #62897f;\n--color-1-dark-1-contrast-darker: white;\n--color-1-dark-1-text-color: var(--body-alt-color);\n--color-1: #8bc9ba;\n--color-1-r: 139;\n--color-1-g: 201;\n--color-1-b: 186;\n--color-1-contrast: black;\n--color-1-darker: #74beac;\n--color-1-contrast-darker: white;\n--color-1-text-color: var(--body-color);\n--color-1-light-1: #aad9ce;\n--color-1-light-1-r: 170;\n--color-1-light-1-g: 217;\n--color-1-light-1-b: 206;\n--color-1-light-1-contrast: black;\n--color-1-light-1-darker: #8fcdbf;\n--color-1-light-1-contrast-darker: black;\n--color-1-light-1-text-color: var(--body-color);\n--color-1-light-2: #cde9e2;\n--color-1-light-2-r: 205;\n--color-1-light-2-g: 233;\n--color-1-light-2-b: 226;\n--color-1-light-2-contrast: black;\n--color-1-light-2-darker: #afdcd0;\n--color-1-light-2-contrast-darker: black;\n--color-1-light-2-text-color: var(--body-color);\n--color-1-light-3: #f2faf8;\n--color-1-light-3-r: 242;\n--color-1-light-3-g: 250;\n--color-1-light-3-b: 248;\n--color-1-light-3-contrast: black;\n--color-1-light-3-darker: #ceece5;\n--color-1-light-3-contrast-darker: black;\n--color-1-light-3-text-color: var(--body-color);\n--color-2-base: #92e4fd;\n--color-2-base-r: 146;\n--color-2-base-g: 228;\n--color-2-base-b: 253;\n--color-2-base-contrast: black;\n--color-2-base-darker: #6bdafc;\n--color-2-base-contrast-darker: black;\n--color-2-base-text-color: var(--body-color);\n--color-2-dark-3: #293133;\n--color-2-dark-3-r: 41;\n--color-2-dark-3-g: 49;\n--color-2-dark-3-b: 51;\n--color-2-dark-3-contrast: white;\n--color-2-dark-3-darker: #252c2e;\n--color-2-dark-3-contrast-darker: white;\n--color-2-dark-3-text-color: var(--body-alt-color);\n--color-2-dark-2: #496168;\n--color-2-dark-2-r: 73;\n--color-2-dark-2-g: 97;\n--color-2-dark-2-b: 104;\n--color-2-dark-2-contrast: white;\n--color-2-dark-2-darker: #42575e;\n--color-2-dark-2-contrast-darker: white;\n--color-2-dark-2-text-color: var(--body-alt-color);\n--color-2-dark-1: #5f8e9c;\n--color-2-dark-1-r: 95;\n--color-2-dark-1-g: 142;\n--color-2-dark-1-b: 156;\n--color-2-dark-1-contrast: white;\n--color-2-dark-1-darker: #56808c;\n--color-2-dark-1-contrast-darker: white;\n--color-2-dark-1-text-color: var(--body-alt-color);\n--color-2: #6cb9d1;\n--color-2-r: 108;\n--color-2-g: 185;\n--color-2-b: 209;\n--color-2-contrast: white;\n--color-2-darker: #54aec9;\n--color-2-contrast-darker: white;\n--color-2-text-color: var(--body-alt-color);\n--color-2-light-1: #92e4fd;\n--color-2-light-1-r: 146;\n--color-2-light-1-g: 228;\n--color-2-light-1-b: 253;\n--color-2-light-1-contrast: black;\n--color-2-light-1-darker: #6bdafc;\n--color-2-light-1-contrast-darker: black;\n--color-2-light-1-text-color: var(--body-color);\n--color-2-light-2: #c3f0fe;\n--color-2-light-2-r: 195;\n--color-2-light-2-g: 240;\n--color-2-light-2-b: 254;\n--color-2-light-2-contrast: black;\n--color-2-light-2-darker: #97e5fd;\n--color-2-light-2-contrast-darker: black;\n--color-2-light-2-text-color: var(--body-color);\n--color-2-light-3: #f4fcff;\n--color-2-light-3-r: 244;\n--color-2-light-3-g: 252;\n--color-2-light-3-b: 255;\n--color-2-light-3-contrast: black;\n--color-2-light-3-darker: #c2eeff;\n--color-2-light-3-contrast-darker: black;\n--color-2-light-3-text-color: var(--body-color);\n--color-3-base: #b8c1cc;\n--color-3-base-r: 184;\n--color-3-base-g: 193;\n--color-3-base-b: 204;\n--color-3-base-contrast: black;\n--color-3-base-darker: #a1adbc;\n--color-3-base-contrast-darker: white;\n--color-3-base-text-color: var(--body-color);\n--color-3-dark-3: #292d33;\n--color-3-dark-3-r: 41;\n--color-3-dark-3-g: 45;\n--color-3-dark-3-b: 51;\n--color-3-dark-3-contrast: white;\n--color-3-dark-3-darker: #25292e;\n--color-3-dark-3-contrast-darker: white;\n--color-3-dark-3-text-color: var(--body-alt-color);\n--color-3-dark-2: #555d66;\n--color-3-dark-2-r: 85;\n--color-3-dark-2-g: 93;\n--color-3-dark-2-b: 102;\n--color-3-dark-2-contrast: white;\n--color-3-dark-2-darker: #4d545c;\n--color-3-dark-2-contrast-darker: white;\n--color-3-dark-2-text-color: var(--body-alt-color);\n--color-3-dark-1: #858e99;\n--color-3-dark-1-r: 133;\n--color-3-dark-1-g: 142;\n--color-3-dark-1-b: 153;\n--color-3-dark-1-contrast: white;\n--color-3-dark-1-darker: #75808c;\n--color-3-dark-1-contrast-darker: white;\n--color-3-dark-1-text-color: var(--body-alt-color);\n--color-3: #b8c1cc;\n--color-3-r: 184;\n--color-3-g: 193;\n--color-3-b: 204;\n--color-3-contrast: black;\n--color-3-darker: #a1adbc;\n--color-3-contrast-darker: white;\n--color-3-text-color: var(--body-color);\n--color-3-light-1: #ccd3db;\n--color-3-light-1-r: 204;\n--color-3-light-1-g: 211;\n--color-3-light-1-b: 219;\n--color-3-light-1-contrast: black;\n--color-3-light-1-darker: #b3bec9;\n--color-3-light-1-contrast-darker: black;\n--color-3-light-1-text-color: var(--body-color);\n--color-3-light-2: #e0e5eb;\n--color-3-light-2-r: 224;\n--color-3-light-2-g: 229;\n--color-3-light-2-b: 235;\n--color-3-light-2-contrast: black;\n--color-3-light-2-darker: #c4ced9;\n--color-3-light-2-contrast-darker: black;\n--color-3-light-2-text-color: var(--body-color);\n--color-3-light-3: #f5f7fa;\n--color-3-light-3-r: 245;\n--color-3-light-3-g: 247;\n--color-3-light-3-b: 250;\n--color-3-light-3-contrast: black;\n--color-3-light-3-darker: #d4dde9;\n--color-3-light-3-contrast-darker: black;\n--color-3-light-3-text-color: var(--body-color);\n--color-4-base: #73a3de;\n--color-4-base-r: 115;\n--color-4-base-g: 163;\n--color-4-base-b: 222;\n--color-4-base-contrast: white;\n--color-4-base-darker: #5891d8;\n--color-4-base-contrast-darker: white;\n--color-4-base-text-color: var(--body-alt-color);\n--color-4-dark-3: #292d33;\n--color-4-dark-3-r: 41;\n--color-4-dark-3-g: 45;\n--color-4-dark-3-b: 51;\n--color-4-dark-3-contrast: white;\n--color-4-dark-3-darker: #25292e;\n--color-4-dark-3-contrast-darker: white;\n--color-4-dark-3-text-color: var(--body-alt-color);\n--color-4-dark-2: #4c5a6c;\n--color-4-dark-2-r: 76;\n--color-4-dark-2-g: 90;\n--color-4-dark-2-b: 108;\n--color-4-dark-2-contrast: white;\n--color-4-dark-2-darker: #445161;\n--color-4-dark-2-contrast-darker: white;\n--color-4-dark-2-text-color: var(--body-alt-color);\n--color-4-dark-1: #6582a5;\n--color-4-dark-1-r: 101;\n--color-4-dark-1-g: 130;\n--color-4-dark-1-b: 165;\n--color-4-dark-1-contrast: white;\n--color-4-dark-1-darker: #587597;\n--color-4-dark-1-contrast-darker: white;\n--color-4-dark-1-text-color: var(--body-alt-color);\n--color-4: #73a3de;\n--color-4-r: 115;\n--color-4-g: 163;\n--color-4-b: 222;\n--color-4-contrast: white;\n--color-4-darker: #5891d8;\n--color-4-contrast-darker: white;\n--color-4-text-color: var(--body-alt-color);\n--color-4-light-1: #9abde8;\n--color-4-light-1-r: 154;\n--color-4-light-1-g: 189;\n--color-4-light-1-b: 232;\n--color-4-light-1-contrast: white;\n--color-4-light-1-darker: #7ba8e1;\n--color-4-light-1-contrast-darker: white;\n--color-4-light-1-text-color: var(--body-alt-color);\n--color-4-light-2: #c3d8f2;\n--color-4-light-2-r: 195;\n--color-4-light-2-g: 216;\n--color-4-light-2-b: 242;\n--color-4-light-2-contrast: black;\n--color-4-light-2-darker: #9fc1ea;\n--color-4-light-2-contrast-darker: black;\n--color-4-light-2-text-color: var(--body-color);\n--color-4-light-3: #f0f5fc;\n--color-4-light-3-r: 240;\n--color-4-light-3-g: 245;\n--color-4-light-3-b: 252;\n--color-4-light-3-contrast: black;\n--color-4-light-3-darker: #c7daf4;\n--color-4-light-3-contrast-darker: black;\n--color-4-light-3-text-color: var(--body-color);\n--color-5-base: #4c637f;\n--color-5-base-r: 76;\n--color-5-base-g: 99;\n--color-5-base-b: 127;\n--color-5-base-contrast: white;\n--color-5-base-darker: #445972;\n--color-5-base-contrast-darker: white;\n--color-5-base-text-color: var(--body-alt-color);\n--color-5-dark-3: #292d33;\n--color-5-dark-3-r: 41;\n--color-5-dark-3-g: 45;\n--color-5-dark-3-b: 51;\n--color-5-dark-3-contrast: white;\n--color-5-dark-3-darker: #25292e;\n--color-5-dark-3-contrast-darker: white;\n--color-5-dark-3-text-color: var(--body-alt-color);\n--color-5-dark-2: #3e4a59;\n--color-5-dark-2-r: 62;\n--color-5-dark-2-g: 74;\n--color-5-dark-2-b: 89;\n--color-5-dark-2-contrast: white;\n--color-5-dark-2-darker: #384350;\n--color-5-dark-2-contrast-darker: white;\n--color-5-dark-2-text-color: var(--body-alt-color);\n--color-5-dark-1: #4c637f;\n--color-5-dark-1-r: 76;\n--color-5-dark-1-g: 99;\n--color-5-dark-1-b: 127;\n--color-5-dark-1-contrast: white;\n--color-5-dark-1-darker: #445972;\n--color-5-dark-1-contrast-darker: white;\n--color-5-dark-1-text-color: var(--body-alt-color);\n--color-5: #85a0c1;\n--color-5-r: 133;\n--color-5-g: 160;\n--color-5-b: 193;\n--color-5-contrast: white;\n--color-5-darker: #6f8fb6;\n--color-5-contrast-darker: white;\n--color-5-text-color: var(--body-alt-color);\n--color-5-light-1: #a6bbd4;\n--color-5-light-1-r: 166;\n--color-5-light-1-g: 187;\n--color-5-light-1-b: 212;\n--color-5-light-1-contrast: white;\n--color-5-light-1-darker: #8da8c8;\n--color-5-light-1-contrast-darker: white;\n--color-5-light-1-text-color: var(--body-alt-color);\n--color-5-light-2: #cad7e6;\n--color-5-light-2-r: 202;\n--color-5-light-2-g: 215;\n--color-5-light-2-b: 230;\n--color-5-light-2-contrast: black;\n--color-5-light-2-darker: #adc1d8;\n--color-5-light-2-contrast-darker: black;\n--color-5-light-2-text-color: var(--body-color);\n--color-5-light-3: #f1f5f9;\n--color-5-light-3-r: 241;\n--color-5-light-3-g: 245;\n--color-5-light-3-b: 249;\n--color-5-light-3-contrast: black;\n--color-5-light-3-darker: #cfddea;\n--color-5-light-3-contrast-darker: black;\n--color-5-light-3-text-color: var(--body-color);\n--white-contrast: var(--body-color);\n--shading-contrast: var(--body-alt-color);\n--bg-contrast: var(--body-color);\n}.u-custom-color-1,\n        .u-body.u-custom-color-1,\n        .u-container-style.u-custom-color-1:before\n        {\n            color: var(--custom-color-1-text-color);\n            background-color: var(--custom-color-1);\n        }\n\n        .u-button-style.u-custom-color-1,\n        .u-button-style.u-custom-color-1[class*=\"u-border-\"]\n        {\n            color: var(--custom-color-1-text-color) !important;\n            background-color: var(--custom-color-1) !important;\n        }\n\n        .u-button-style.u-custom-color-1:hover,\n        .u-button-style.u-custom-color-1[class*=\"u-border-\"]:hover\n        {\n            color: var(--custom-color-1-contrast-darker) !important;\n            background-color: var(--custom-color-1-darker) !important;\n        }\n\n        a.u-button-style.u-hover-custom-color-1:hover,\n        a.u-button-style.u-hover-custom-color-1[class*=\"u-border-\"]:hover,\n        a.u-btn.u-active-custom-color-1[href]:active,\n        a.u-btn.u-active-custom-color-1[class*=\"u-border-\"][href]:active,\n        a.u-nav-link.u-active-custom-color-1[href].active,\n        a.u-nav-link.u-active-custom-color-1[class*=\"u-border-\"][href].active\n        {\n            color: var(--custom-color-1-text-color) !important;\n            background-color: var(--custom-color-1) !important;\n        }\n\n        a.u-link.u-hover-custom-color-1:hover {\n            color: var(--custom-color-1) !important;\n        }\n\n        \n        \n        .u-custom-color-2,\n        .u-body.u-custom-color-2,\n        .u-container-style.u-custom-color-2:before\n        {\n            color: var(--custom-color-2-text-color);\n            background-color: var(--custom-color-2);\n        }\n\n        .u-button-style.u-custom-color-2,\n        .u-button-style.u-custom-color-2[class*=\"u-border-\"]\n        {\n            color: var(--custom-color-2-text-color) !important;\n            background-color: var(--custom-color-2) !important;\n        }\n\n        .u-button-style.u-custom-color-2:hover,\n        .u-button-style.u-custom-color-2[class*=\"u-border-\"]:hover\n        {\n            color: var(--custom-color-2-contrast-darker) !important;\n            background-color: var(--custom-color-2-darker) !important;\n        }\n\n        a.u-button-style.u-hover-custom-color-2:hover,\n        a.u-button-style.u-hover-custom-color-2[class*=\"u-border-\"]:hover,\n        a.u-btn.u-active-custom-color-2[href]:active,\n        a.u-btn.u-active-custom-color-2[class*=\"u-border-\"][href]:active,\n        a.u-nav-link.u-active-custom-color-2[href].active,\n        a.u-nav-link.u-active-custom-color-2[class*=\"u-border-\"][href].active\n        {\n            color: var(--custom-color-2-text-color) !important;\n            background-color: var(--custom-color-2) !important;\n        }\n\n        a.u-link.u-hover-custom-color-2:hover {\n            color: var(--custom-color-2) !important;\n        }\n\n        \n        \n        .u-custom-color-3,\n        .u-body.u-custom-color-3,\n        .u-container-style.u-custom-color-3:before\n        {\n            color: var(--custom-color-3-text-color);\n            background-color: var(--custom-color-3);\n        }\n\n        .u-button-style.u-custom-color-3,\n        .u-button-style.u-custom-color-3[class*=\"u-border-\"]\n        {\n            color: var(--custom-color-3-text-color) !important;\n            background-color: var(--custom-color-3) !important;\n        }\n\n        .u-button-style.u-custom-color-3:hover,\n        .u-button-style.u-custom-color-3[class*=\"u-border-\"]:hover\n        {\n            color: var(--custom-color-3-contrast-darker) !important;\n            background-color: var(--custom-color-3-darker) !important;\n        }\n\n        a.u-button-style.u-hover-custom-color-3:hover,\n        a.u-button-style.u-hover-custom-color-3[class*=\"u-border-\"]:hover,\n        a.u-btn.u-active-custom-color-3[href]:active,\n        a.u-btn.u-active-custom-color-3[class*=\"u-border-\"][href]:active,\n        a.u-nav-link.u-active-custom-color-3[href].active,\n        a.u-nav-link.u-active-custom-color-3[class*=\"u-border-\"][href].active\n        {\n            color: var(--custom-color-3-text-color) !important;\n            background-color: var(--custom-color-3) !important;\n        }\n\n        a.u-link.u-hover-custom-color-3:hover {\n            color: var(--custom-color-3) !important;\n        }\n\n        \n\n        \n        .u-border-custom-color-1,\n        .u-separator-custom-color-1:after\n        {\n            border-color: var(--custom-color-1);\n        }\n\n        .u-link.u-border-custom-color-1[class*=\"u-border-\"]\n        {\n            border-color: var(--custom-color-1);\n        }\n\n        .u-link.u-border-custom-color-1[class*=\"u-border-\"]:hover\n        {\n            border-color: var(--custom-color-1-darker);\n        }\n\n        .u-btn.u-border-custom-color-1\n        {\n            color: var(--custom-color-1) !important;\n        }\n\n        .u-button-style.u-border-custom-color-1\n        {\n            border-color: var(--custom-color-1) !important;\n            background-color: transparent !important;\n        }\n\n        .u-btn.u-border-custom-color-1:hover\n        {\n            color: var(--custom-color-1-text-color) !important;\n            background-color: var(--custom-color-1) !important;\n        }\n\n        a.u-btn.u-border-hover-custom-color-1:hover,\n        a.u-btn.u-border-active-custom-color-1[href]:active\n        {\n            color: var(--custom-color-1) !important;\n            background-color: transparent !important;\n        }\n\n        a.u-button-style.u-border-hover-custom-color-1:hover,\n        a.u-button-style.u-border-active-custom-color-1[href]:active,\n        a.u-nav-link.u-border-active-custom-color-1[href].active\n        {\n            border-color: var(--custom-color-1) !important;\n        }\n        \n        \n        .u-border-custom-color-2,\n        .u-separator-custom-color-2:after\n        {\n            border-color: var(--custom-color-2);\n        }\n\n        .u-link.u-border-custom-color-2[class*=\"u-border-\"]\n        {\n            border-color: var(--custom-color-2);\n        }\n\n        .u-link.u-border-custom-color-2[class*=\"u-border-\"]:hover\n        {\n            border-color: var(--custom-color-2-darker);\n        }\n\n        .u-btn.u-border-custom-color-2\n        {\n            color: var(--custom-color-2) !important;\n        }\n\n        .u-button-style.u-border-custom-color-2\n        {\n            border-color: var(--custom-color-2) !important;\n            background-color: transparent !important;\n        }\n\n        .u-btn.u-border-custom-color-2:hover\n        {\n            color: var(--custom-color-2-text-color) !important;\n            background-color: var(--custom-color-2) !important;\n        }\n\n        a.u-btn.u-border-hover-custom-color-2:hover,\n        a.u-btn.u-border-active-custom-color-2[href]:active\n        {\n            color: var(--custom-color-2) !important;\n            background-color: transparent !important;\n        }\n\n        a.u-button-style.u-border-hover-custom-color-2:hover,\n        a.u-button-style.u-border-active-custom-color-2[href]:active,\n        a.u-nav-link.u-border-active-custom-color-2[href].active\n        {\n            border-color: var(--custom-color-2) !important;\n        }\n        \n        \n        .u-border-custom-color-3,\n        .u-separator-custom-color-3:after\n        {\n            border-color: var(--custom-color-3);\n        }\n\n        .u-link.u-border-custom-color-3[class*=\"u-border-\"]\n        {\n            border-color: var(--custom-color-3);\n        }\n\n        .u-link.u-border-custom-color-3[class*=\"u-border-\"]:hover\n        {\n            border-color: var(--custom-color-3-darker);\n        }\n\n        .u-btn.u-border-custom-color-3\n        {\n            color: var(--custom-color-3) !important;\n        }\n\n        .u-button-style.u-border-custom-color-3\n        {\n            border-color: var(--custom-color-3) !important;\n            background-color: transparent !important;\n        }\n\n        .u-btn.u-border-custom-color-3:hover\n        {\n            color: var(--custom-color-3-text-color) !important;\n            background-color: var(--custom-color-3) !important;\n        }\n\n        a.u-btn.u-border-hover-custom-color-3:hover,\n        a.u-btn.u-border-active-custom-color-3[href]:active\n        {\n            color: var(--custom-color-3) !important;\n            background-color: transparent !important;\n        }\n\n        a.u-button-style.u-border-hover-custom-color-3:hover,\n        a.u-button-style.u-border-active-custom-color-3[href]:active,\n        a.u-nav-link.u-border-active-custom-color-3[href].active\n        {\n            border-color: var(--custom-color-3) !important;\n        }\n        \n\n        \n        .u-text-custom-color-1,\n        .u-text-custom-color-1 a,\n        a.u-button-style.u-text-custom-color-1,\n        a.u-button-style.u-text-custom-color-1[class*=\"u-border-\"]\n        {\n            color: var(--custom-color-1) !important;\n        }\n\n        .u-link.u-text-custom-color-1:hover,\n        a.u-nav-link.u-text-custom-color-1:hover\n        {\n            color: var(--custom-color-1-darker) !important;\n        }\n\n        .u-link.u-text-hover-custom-color-1:hover,\n        :not(.level-2) > .u-nav > .u-nav-item > a.u-nav-link.u-text-hover-custom-color-1:hover,\n        :not(.level-2) > .u-nav > .u-nav-item > a.u-nav-link.u-text-active-custom-color-1.active,\n        .u-popupmenu-items.u-text-hover-custom-color-1:hover .u-nav-link,\n        .u-popupmenu-items.u-text-hover-custom-color-1.active .u-nav-link\n        {\n            color: var(--custom-color-1) !important;\n        }\n\n        .u-text-custom-color-1 svg\n        {\n            fill: var(--custom-color-1);\n        }\n        \n        \n        .u-text-custom-color-2,\n        .u-text-custom-color-2 a,\n        a.u-button-style.u-text-custom-color-2,\n        a.u-button-style.u-text-custom-color-2[class*=\"u-border-\"]\n        {\n            color: var(--custom-color-2) !important;\n        }\n\n        .u-link.u-text-custom-color-2:hover,\n        a.u-nav-link.u-text-custom-color-2:hover\n        {\n            color: var(--custom-color-2-darker) !important;\n        }\n\n        .u-link.u-text-hover-custom-color-2:hover,\n        :not(.level-2) > .u-nav > .u-nav-item > a.u-nav-link.u-text-hover-custom-color-2:hover,\n        :not(.level-2) > .u-nav > .u-nav-item > a.u-nav-link.u-text-active-custom-color-2.active,\n        .u-popupmenu-items.u-text-hover-custom-color-2:hover .u-nav-link,\n        .u-popupmenu-items.u-text-hover-custom-color-2.active .u-nav-link\n        {\n            color: var(--custom-color-2) !important;\n        }\n\n        .u-text-custom-color-2 svg\n        {\n            fill: var(--custom-color-2);\n        }\n        \n        \n        .u-text-custom-color-3,\n        .u-text-custom-color-3 a,\n        a.u-button-style.u-text-custom-color-3,\n        a.u-button-style.u-text-custom-color-3[class*=\"u-border-\"]\n        {\n            color: var(--custom-color-3) !important;\n        }\n\n        .u-link.u-text-custom-color-3:hover,\n        a.u-nav-link.u-text-custom-color-3:hover\n        {\n            color: var(--custom-color-3-darker) !important;\n        }\n\n        .u-link.u-text-hover-custom-color-3:hover,\n        :not(.level-2) > .u-nav > .u-nav-item > a.u-nav-link.u-text-hover-custom-color-3:hover,\n        :not(.level-2) > .u-nav > .u-nav-item > a.u-nav-link.u-text-active-custom-color-3.active,\n        .u-popupmenu-items.u-text-hover-custom-color-3:hover .u-nav-link,\n        .u-popupmenu-items.u-text-hover-custom-color-3.active .u-nav-link\n        {\n            color: var(--custom-color-3) !important;\n        }\n\n        .u-text-custom-color-3 svg\n        {\n            fill: var(--custom-color-3);\n        }</style><style id=\"typography\" typography=\"Normal\">.u-body {\n  --title-font-weight: 400;\n  --title-font-size: 4.5rem;\n  --title-line-height: 1.1;\n  --title-margin-top: 20px;\n  --title-margin-bottom: 20px;\n  --subtitle-font-weight: 400;\n  --subtitle-font-size: 2.25rem;\n  --subtitle-line-height: 1.1;\n  --subtitle-margin-top: 20px;\n  --subtitle-margin-bottom: 20px;\n  --h1-font-weight: 400;\n  --h1-font-size: 3rem;\n  --h1-line-height: 1.1;\n  --h1-margin-top: 20px;\n  --h1-margin-bottom: 20px;\n  --h2-font-weight: 400;\n  --h2-font-size: 2.25rem;\n  --h2-line-height: 1.1;\n  --h2-margin-top: 20px;\n  --h2-margin-bottom: 20px;\n  --h3-font-weight: 400;\n  --h3-font-size: 1.875rem;\n  --h3-line-height: 1.2;\n  --h3-margin-top: 20px;\n  --h3-margin-bottom: 20px;\n  --h4-font-weight: 400;\n  --h4-font-size: 1.5rem;\n  --h4-line-height: 1.2;\n  --h4-margin-top: 20px;\n  --h4-margin-bottom: 20px;\n  --h5-font-weight: 400;\n  --h5-font-size: 1.25rem;\n  --h5-line-height: 1.2;\n  --h5-margin-top: 20px;\n  --h5-margin-bottom: 20px;\n  --h6-font-weight: 400;\n  --h6-font-size: 1.125rem;\n  --h6-line-height: 1.2;\n  --h6-margin-top: 20px;\n  --h6-margin-bottom: 20px;\n  --largeText-font-size: 1.25rem;\n  --largeText-margin-top: 20px;\n  --largeText-margin-bottom: 20px;\n  --smallText-font-size: 0.875rem;\n  --smallText-margin-top: 20px;\n  --smallText-margin-bottom: 20px;\n  --text-margin-top: 20px;\n  --text-margin-bottom: 20px;\n  --link-color: var(--palette-1-base);\n  --link-margin-top: 20px;\n  --link-margin-bottom: 20px;\n  --link-alt-text-color: var(--palette-1-light-2);\n  --link-hover-color: var(--palette-1-base-darker);\n  --link-hover-alt-text-color: var(--white-darker);\n  --button-margin-top: 20px;\n  --button-margin-bottom: 20px;\n  --button-background-color: var(--palette-1-base);\n  --button-color: var(--white);\n  --button-alt-background-color: var(--palette-1-light-2);\n  --button-alt-color: var(--black);\n  --button-hover-background-color: var(--palette-1-base-darker);\n  --button-hover-color: var(--white-darker);\n  --button-hover-alt-background-color: var(--palette-1-light-2-darker);\n  --button-hover-alt-color: var(--black-darker);\n  --blockquote-font-style: italic;\n  --blockquote-padding-left: 20px;\n  --blockquote-border-width: 4px;\n  --blockquote-border-color: var(--palette-1-base);\n  --blockquote-margin-top: 20px;\n  --blockquote-margin-bottom: 20px;\n  --metadata-margin-top: 20px;\n  --metadata-margin-bottom: 20px;\n  --list-margin-top: 20px;\n  --list-margin-bottom: 20px;\n  --orderedlist-margin-top: 20px;\n  --orderedlist-margin-bottom: 20px;\n  --postContent-margin-top: 20px;\n  --postContent-margin-bottom: 20px;\n}\n\nh1.u-title {\n  font-weight: var(--title-font-weight);\n  font-size: var(--title-font-size);\n  line-height: var(--title-line-height);\n  margin-top: var(--title-margin-top);\n  margin-bottom: var(--title-margin-bottom);\n}\n\nh2.u-subtitle {\n  font-weight: var(--subtitle-font-weight);\n  font-size: var(--subtitle-font-size);\n  line-height: var(--subtitle-line-height);\n  margin-top: var(--subtitle-margin-top);\n  margin-bottom: var(--subtitle-margin-bottom);\n}\n\nh1:not(.u-title) {\n  font-weight: var(--h1-font-weight);\n  font-size: var(--h1-font-size);\n  line-height: var(--h1-line-height);\n  margin-top: var(--h1-margin-top);\n  margin-bottom: var(--h1-margin-bottom);\n}\n\nh2:not(.u-subtitle) {\n  font-weight: var(--h2-font-weight);\n  font-size: var(--h2-font-size);\n  line-height: var(--h2-line-height);\n  margin-top: var(--h2-margin-top);\n  margin-bottom: var(--h2-margin-bottom);\n}\n\nh3 {\n  font-weight: var(--h3-font-weight);\n  font-size: var(--h3-font-size);\n  line-height: var(--h3-line-height);\n  margin-top: var(--h3-margin-top);\n  margin-bottom: var(--h3-margin-bottom);\n}\n\nh4 {\n  font-weight: var(--h4-font-weight);\n  font-size: var(--h4-font-size);\n  line-height: var(--h4-line-height);\n  margin-top: var(--h4-margin-top);\n  margin-bottom: var(--h4-margin-bottom);\n}\n\nh5 {\n  font-weight: var(--h5-font-weight);\n  font-size: var(--h5-font-size);\n  line-height: var(--h5-line-height);\n  margin-top: var(--h5-margin-top);\n  margin-bottom: var(--h5-margin-bottom);\n}\n\nh6 {\n  font-weight: var(--h6-font-weight);\n  font-size: var(--h6-font-size);\n  line-height: var(--h6-line-height);\n  margin-top: var(--h6-margin-top);\n  margin-bottom: var(--h6-margin-bottom);\n}\n\np.u-large-text {\n  font-size: var(--largeText-font-size);\n  margin-top: var(--largeText-margin-top);\n  margin-bottom: var(--largeText-margin-bottom);\n}\n\np.u-small-text {\n  font-size: var(--smallText-font-size);\n  margin-top: var(--smallText-margin-top);\n  margin-bottom: var(--smallText-margin-bottom);\n}\n\np:not(.u-text-variant) {\n  margin-top: var(--text-margin-top);\n  margin-bottom: var(--text-margin-bottom);\n}\n\n.u-link, a {\n  margin-top: var(--link-margin-top);\n  margin-bottom: var(--link-margin-bottom);\n}\n\n.u-btn {\n  margin-top: var(--button-margin-top);\n  margin-bottom: var(--button-margin-bottom);\n}\n\nblockquote {\n  font-style: var(--blockquote-font-style);\n  padding-left: var(--blockquote-padding-left);\n  border-width: var(--blockquote-border-width);\n  margin-top: var(--blockquote-margin-top);\n  margin-bottom: var(--blockquote-margin-bottom);\n}\n\n.u-metadata {\n  margin-top: var(--metadata-margin-top);\n  margin-bottom: var(--metadata-margin-bottom);\n}\n\nul:not(.u-unstyled) {\n  margin-top: var(--list-margin-top);\n  margin-bottom: var(--list-margin-bottom);\n}\n\nol {\n  margin-top: var(--orderedlist-margin-top);\n  margin-bottom: var(--orderedlist-margin-bottom);\n}\n\n.u-post-content {\n  margin-top: var(--postContent-margin-top);\n  margin-bottom: var(--postContent-margin-bottom);\n}\n\n.u-overlap.u-overlap-transparent:not(.u-overlap-contrast) .u-header .u-link, .u-overlap.u-overlap-transparent:not(.u-overlap-contrast) .u-header a,\n.u-gradient > .u-container-layout > .u-link, .u-gradient > .u-container-layout > a,\n.u-image:not(.u-shading) > .u-container-layout > .u-link, .u-image:not(.u-shading) > .u-container-layout > a,\n.u-link, a {\n  color: var(--link-color);\n}\n\n.u-overlap.u-overlap-transparent:not(.u-overlap-contrast) .u-header .u-link:hover, .u-overlap.u-overlap-transparent:not(.u-overlap-contrast) .u-header a:hover,\n.u-gradient > .u-container-layout > .u-link:hover, .u-gradient > .u-container-layout > a:hover,\n.u-image:not(.u-shading) > .u-container-layout > .u-link:hover, .u-image:not(.u-shading) > .u-container-layout > a:hover,\n.u-link:hover, a:hover {\n  color: var(--link-hover-color);\n}\n\n.u-overlap.u-overlap-transparent:not(.u-overlap-contrast) .u-header .u-btn,\n.u-gradient > .u-container-layout > .u-btn,\n.u-image:not(.u-shading) > .u-container-layout > .u-btn,\n.u-btn {\n  background-color: var(--button-background-color);\n  color: var(--button-color);\n}\n\n.u-overlap.u-overlap-transparent:not(.u-overlap-contrast) .u-header .u-btn:hover,\n.u-gradient > .u-container-layout > .u-btn:hover,\n.u-image:not(.u-shading) > .u-container-layout > .u-btn:hover,\n.u-btn:hover {\n  background-color: var(--button-hover-background-color);\n  color: var(--button-hover-color);\n}\n\n.u-overlap.u-overlap-transparent:not(.u-overlap-contrast) .u-header blockquote,\n.u-gradient > .u-container-layout > blockquote,\n.u-image:not(.u-shading) > .u-container-layout > blockquote,\nblockquote {\n  border-color: var(--blockquote-border-color);\n}\n\n.u-custom-color-1 .u-link, .u-custom-color-1 a,.u-body-color .u-link, .u-body-color a,.u-palette-1-base .u-link, .u-palette-1-base a,.u-palette-1-dark-3 .u-link, .u-palette-1-dark-3 a,.u-palette-1-dark-2 .u-link, .u-palette-1-dark-2 a,.u-palette-1-dark-1 .u-link, .u-palette-1-dark-1 a,.u-palette-1 .u-link, .u-palette-1 a,.u-palette-1-light-1 .u-link, .u-palette-1-light-1 a,.u-palette-2-base .u-link, .u-palette-2-base a,.u-palette-2-dark-3 .u-link, .u-palette-2-dark-3 a,.u-palette-2-dark-2 .u-link, .u-palette-2-dark-2 a,.u-palette-2-dark-1 .u-link, .u-palette-2-dark-1 a,.u-palette-2 .u-link, .u-palette-2 a,.u-palette-2-light-1 .u-link, .u-palette-2-light-1 a,.u-palette-3-dark-3 .u-link, .u-palette-3-dark-3 a,.u-palette-3-dark-2 .u-link, .u-palette-3-dark-2 a,.u-palette-3-dark-1 .u-link, .u-palette-3-dark-1 a,.u-palette-4-dark-3 .u-link, .u-palette-4-dark-3 a,.u-palette-4-dark-2 .u-link, .u-palette-4-dark-2 a,.u-palette-4-dark-1 .u-link, .u-palette-4-dark-1 a,.u-palette-4 .u-link, .u-palette-4 a,.u-palette-5-dark-3 .u-link, .u-palette-5-dark-3 a,.u-palette-5-dark-2 .u-link, .u-palette-5-dark-2 a,.u-palette-5-dark-1 .u-link, .u-palette-5-dark-1 a,.u-grey-40 .u-link, .u-grey-40 a,.u-grey-30 .u-link, .u-grey-30 a,.u-grey-90 .u-link, .u-grey-90 a,.u-grey-80 .u-link, .u-grey-80 a,.u-grey-75 .u-link, .u-grey-75 a,.u-black .u-link, .u-black a,.u-grey-70 .u-link, .u-grey-70 a,.u-grey-60 .u-link, .u-grey-60 a,.u-grey-50 .u-link, .u-grey-50 a,.u-grey-dark-3 .u-link, .u-grey-dark-3 a,.u-grey-dark-2 .u-link, .u-grey-dark-2 a,.u-grey-dark-1 .u-link, .u-grey-dark-1 a,.u-grey .u-link, .u-grey a,.u-shading .u-link, .u-shading a,.u-overlap-contrast .u-header .u-link, .u-overlap-contrast .u-header a { color: var(--link-alt-text-color); }\n.u-custom-color-1 .u-link:hover, .u-custom-color-1 a:hover,.u-body-color .u-link:hover, .u-body-color a:hover,.u-palette-1-base .u-link:hover, .u-palette-1-base a:hover,.u-palette-1-dark-3 .u-link:hover, .u-palette-1-dark-3 a:hover,.u-palette-1-dark-2 .u-link:hover, .u-palette-1-dark-2 a:hover,.u-palette-1-dark-1 .u-link:hover, .u-palette-1-dark-1 a:hover,.u-palette-1 .u-link:hover, .u-palette-1 a:hover,.u-palette-1-light-1 .u-link:hover, .u-palette-1-light-1 a:hover,.u-palette-2-base .u-link:hover, .u-palette-2-base a:hover,.u-palette-2-dark-3 .u-link:hover, .u-palette-2-dark-3 a:hover,.u-palette-2-dark-2 .u-link:hover, .u-palette-2-dark-2 a:hover,.u-palette-2-dark-1 .u-link:hover, .u-palette-2-dark-1 a:hover,.u-palette-2 .u-link:hover, .u-palette-2 a:hover,.u-palette-2-light-1 .u-link:hover, .u-palette-2-light-1 a:hover,.u-palette-3-dark-3 .u-link:hover, .u-palette-3-dark-3 a:hover,.u-palette-3-dark-2 .u-link:hover, .u-palette-3-dark-2 a:hover,.u-palette-3-dark-1 .u-link:hover, .u-palette-3-dark-1 a:hover,.u-palette-4-dark-3 .u-link:hover, .u-palette-4-dark-3 a:hover,.u-palette-4-dark-2 .u-link:hover, .u-palette-4-dark-2 a:hover,.u-palette-4-dark-1 .u-link:hover, .u-palette-4-dark-1 a:hover,.u-palette-4 .u-link:hover, .u-palette-4 a:hover,.u-palette-5-dark-3 .u-link:hover, .u-palette-5-dark-3 a:hover,.u-palette-5-dark-2 .u-link:hover, .u-palette-5-dark-2 a:hover,.u-palette-5-dark-1 .u-link:hover, .u-palette-5-dark-1 a:hover,.u-grey-40 .u-link:hover, .u-grey-40 a:hover,.u-grey-30 .u-link:hover, .u-grey-30 a:hover,.u-grey-90 .u-link:hover, .u-grey-90 a:hover,.u-grey-80 .u-link:hover, .u-grey-80 a:hover,.u-grey-75 .u-link:hover, .u-grey-75 a:hover,.u-black .u-link:hover, .u-black a:hover,.u-grey-70 .u-link:hover, .u-grey-70 a:hover,.u-grey-60 .u-link:hover, .u-grey-60 a:hover,.u-grey-50 .u-link:hover, .u-grey-50 a:hover,.u-grey-dark-3 .u-link:hover, .u-grey-dark-3 a:hover,.u-grey-dark-2 .u-link:hover, .u-grey-dark-2 a:hover,.u-grey-dark-1 .u-link:hover, .u-grey-dark-1 a:hover,.u-grey .u-link:hover, .u-grey a:hover { color: var(--link-hover-alt-text-color); }\n.u-custom-color-1 .u-btn,.u-body-color .u-btn,.u-palette-1-base .u-btn,.u-palette-1-dark-3 .u-btn,.u-palette-1-dark-2 .u-btn,.u-palette-1-dark-1 .u-btn,.u-palette-1 .u-btn,.u-palette-1-light-1 .u-btn,.u-palette-2-base .u-btn,.u-palette-2-dark-3 .u-btn,.u-palette-2-dark-2 .u-btn,.u-palette-2-dark-1 .u-btn,.u-palette-2 .u-btn,.u-palette-2-light-1 .u-btn,.u-palette-3-dark-3 .u-btn,.u-palette-3-dark-2 .u-btn,.u-palette-3-dark-1 .u-btn,.u-palette-4-dark-3 .u-btn,.u-palette-4-dark-2 .u-btn,.u-palette-4-dark-1 .u-btn,.u-palette-4 .u-btn,.u-palette-5-dark-3 .u-btn,.u-palette-5-dark-2 .u-btn,.u-palette-5-dark-1 .u-btn,.u-grey-40 .u-btn,.u-grey-30 .u-btn,.u-grey-90 .u-btn,.u-grey-80 .u-btn,.u-grey-75 .u-btn,.u-black .u-btn,.u-grey-70 .u-btn,.u-grey-60 .u-btn,.u-grey-50 .u-btn,.u-grey-dark-3 .u-btn,.u-grey-dark-2 .u-btn,.u-grey-dark-1 .u-btn,.u-grey .u-btn,.u-shading .u-btn,.u-overlap-contrast .u-header .u-btn { background-color: var(--button-alt-background-color);\ncolor: var(--button-alt-color); }\n.u-custom-color-1 .u-btn:hover,.u-body-color .u-btn:hover,.u-palette-1-base .u-btn:hover,.u-palette-1-dark-3 .u-btn:hover,.u-palette-1-dark-2 .u-btn:hover,.u-palette-1-dark-1 .u-btn:hover,.u-palette-1 .u-btn:hover,.u-palette-1-light-1 .u-btn:hover,.u-palette-2-base .u-btn:hover,.u-palette-2-dark-3 .u-btn:hover,.u-palette-2-dark-2 .u-btn:hover,.u-palette-2-dark-1 .u-btn:hover,.u-palette-2 .u-btn:hover,.u-palette-2-light-1 .u-btn:hover,.u-palette-3-dark-3 .u-btn:hover,.u-palette-3-dark-2 .u-btn:hover,.u-palette-3-dark-1 .u-btn:hover,.u-palette-4-dark-3 .u-btn:hover,.u-palette-4-dark-2 .u-btn:hover,.u-palette-4-dark-1 .u-btn:hover,.u-palette-4 .u-btn:hover,.u-palette-5-dark-3 .u-btn:hover,.u-palette-5-dark-2 .u-btn:hover,.u-palette-5-dark-1 .u-btn:hover,.u-grey-40 .u-btn:hover,.u-grey-30 .u-btn:hover,.u-grey-90 .u-btn:hover,.u-grey-80 .u-btn:hover,.u-grey-75 .u-btn:hover,.u-black .u-btn:hover,.u-grey-70 .u-btn:hover,.u-grey-60 .u-btn:hover,.u-grey-50 .u-btn:hover,.u-grey-dark-3 .u-btn:hover,.u-grey-dark-2 .u-btn:hover,.u-grey-dark-1 .u-btn:hover,.u-grey .u-btn:hover,.u-shading .u-btn:hover,.u-overlap-contrast .u-header .u-btn:hover { background-color: var(--button-hover-alt-background-color);\ncolor: var(--button-hover-alt-color); }</style><style id=\"font-scheme\" font-scheme=\"Roboto-OpenSans\" heading-font=\"Roboto,sans-serif\" text-font=\"'Open Sans',sans-serif\">.u-body {\n   --text-font: 'Open Sans',sans-serif;\n   --heading-font: Roboto,sans-serif;\n}</style>","appVersion":"1.9.5","isTrial":true}
